,mean_fit_time,std_fit_time,mean_score_time,std_score_time,param_regressor__colsample_bylevel,param_regressor__colsample_bytree,param_regressor__gamma,param_regressor__learning_rate,param_regressor__max_depth,param_regressor__min_child_weight,param_regressor__n_estimators,param_regressor__reg_alpha,param_regressor__reg_lambda,param_regressor__subsample,params,split0_test_score,split1_test_score,split2_test_score,mean_test_score,std_test_score,rank_test_score,split0_train_score,split1_train_score,split2_train_score,mean_train_score,std_train_score
27,2.9271110693613687,0.13332464692647755,0.01925961176554362,0.0005954539320969086,0.8497580139654256,0.8716012597627549,0.3842770071531545,0.014360377175443376,7,4,257,0.9539285770025874,4.159457560881794,0.8110476100766333,"{'regressor__colsample_bylevel': 0.8497580139654256, 'regressor__colsample_bytree': 0.8716012597627549, 'regressor__gamma': 0.3842770071531545, 'regressor__learning_rate': 0.014360377175443376, 'regressor__max_depth': 7, 'regressor__min_child_weight': 4, 'regressor__n_estimators': 257, 'regressor__reg_alpha': 0.9539285770025874, 'regressor__reg_lambda': 4.159457560881794, 'regressor__subsample': 0.8110476100766333}",-0.19149227440357208,-0.18446356058120728,-0.18503814935684204,-0.18699799478054047,0.003186581246704088,1,-0.16737733781337738,-0.1668030321598053,-0.1659526526927948,-0.16671100755532584,0.0005852539728326229
98,10.832427740097046,0.256449796892977,0.04307452837626139,0.0029341355240605944,0.7109649003544284,0.8416200835329997,0.2824205666313082,0.01657086394283524,9,3,1298,0.5276477301447858,2.6378235650289876,0.8443263845162757,"{'regressor__colsample_bylevel': 0.7109649003544284, 'regressor__colsample_bytree': 0.8416200835329997, 'regressor__gamma': 0.2824205666313082, 'regressor__learning_rate': 0.01657086394283524, 'regressor__max_depth': 9, 'regressor__min_child_weight': 3, 'regressor__n_estimators': 1298, 'regressor__reg_alpha': 0.5276477301447858, 'regressor__reg_lambda': 2.6378235650289876, 'regressor__subsample': 0.8443263845162757}",-0.19319960474967957,-0.18821506202220917,-0.18879511952400208,-0.19006992876529694,0.002225649044176042,2,-0.1003350019454956,-0.08563914149999619,-0.09080514311790466,-0.09225976218779881,0.006087091042376668
11,15.196835279464722,0.3874667357314218,0.04715355237325033,0.001446466274369934,0.8481386789093172,0.8568198488145982,0.21377050917927481,0.01254191267440952,8,3,1698,0.8957635956735194,2.401480892728447,0.8689826715929151,"{'regressor__colsample_bylevel': 0.8481386789093172, 'regressor__colsample_bytree': 0.8568198488145982, 'regressor__gamma': 0.21377050917927481, 'regressor__learning_rate': 0.01254191267440952, 'regressor__max_depth': 8, 'regressor__min_child_weight': 3, 'regressor__n_estimators': 1698, 'regressor__reg_alpha': 0.8957635956735194, 'regressor__reg_lambda': 2.401480892728447, 'regressor__subsample': 0.8689826715929151}",-0.19356906414031982,-0.18792033195495605,-0.18897473812103271,-0.1901547114054362,0.0024523861223198647,3,-0.11294423043727875,-0.10252484679222107,-0.1075957864522934,-0.10768828789393108,0.004254198418288507
97,11.879125356674194,0.07354611867673548,0.042117913564046226,0.00399768962013291,0.9990622755537841,0.8506585030993727,0.2976925086600219,0.01670764773884275,10,3,1051,0.8980542894407137,1.3205585619280287,0.7572063161991,"{'regressor__colsample_bylevel': 0.9990622755537841, 'regressor__colsample_bytree': 0.8506585030993727, 'regressor__gamma': 0.2976925086600219, 'regressor__learning_rate': 0.01670764773884275, 'regressor__max_depth': 10, 'regressor__min_child_weight': 3, 'regressor__n_estimators': 1051, 'regressor__reg_alpha': 0.8980542894407137, 'regressor__reg_lambda': 1.3205585619280287, 'regressor__subsample': 0.7572063161991}",-0.19311511516571045,-0.18820087611675262,-0.18916097283363342,-0.19015898803869882,0.0021267286490024673,4,-0.09614882618188858,-0.07913975417613983,-0.08367236703634262,-0.08632031579812367,0.007191933310218693
86,15.227073272069296,1.5537029235950464,0.04904810587565104,0.0014392189920125848,0.7998447357737453,0.9191647410427903,0.3468588037016692,0.026673075999338318,10,5,1412,0.5334610919763215,4.075570332203831,0.9365791633673591,"{'regressor__colsample_bylevel': 0.7998447357737453, 'regressor__colsample_bytree': 0.9191647410427903, 'regressor__gamma': 0.3468588037016692, 'regressor__learning_rate': 0.026673075999338318, 'regressor__max_depth': 10, 'regressor__min_child_weight': 5, 'regressor__n_estimators': 1412, 'regressor__reg_alpha': 0.5334610919763215, 'regressor__reg_lambda': 4.075570332203831, 'regressor__subsample': 0.9365791633673591}",-0.19180479645729065,-0.19006401300430298,-0.19072696566581726,-0.19086525837580362,0.0007173680658144047,5,-0.07463373243808746,-0.04862141236662865,-0.062879778444767,-0.06204497441649437,0.010635878656673363
45,4.446781953175862,0.033099704442754854,0.02560003598531087,0.0004525834157421405,0.8741632037031729,0.9601349821629166,0.2809333460718868,0.03385968597903402,10,5,378,0.7545428740846823,0.9124954753437304,0.9707658720038699,"{'regressor__colsample_bylevel': 0.8741632037031729, 'regressor__colsample_bytree': 0.9601349821629166, 'regressor__gamma': 0.2809333460718868, 'regressor__learning_rate': 0.03385968597903402, 'regressor__max_depth': 10, 'regressor__min_child_weight': 5, 'regressor__n_estimators': 378, 'regressor__reg_alpha': 0.7545428740846823, 'regressor__reg_lambda': 0.9124954753437304, 'regressor__subsample': 0.9707658720038699}",-0.19350282847881317,-0.18882708251476288,-0.19036813080310822,-0.19089934726556143,0.0019454722267475532,6,-0.12201306968927383,-0.10499581694602966,-0.10737785696983337,-0.11146224786837895,0.007523669738053558
15,11.530754486719767,0.10718226358178014,0.040436347325642906,0.00162607230102805,0.8532241907732696,0.8252233009446337,0.11105390523536512,0.021986536733368284,7,3,1497,0.21876421957307024,2.7324080080693647,0.8211508513174122,"{'regressor__colsample_bylevel': 0.8532241907732696, 'regressor__colsample_bytree': 0.8252233009446337, 'regressor__gamma': 0.11105390523536512, 'regressor__learning_rate': 0.021986536733368284, 'regressor__max_depth': 7, 'regressor__min_child_weight': 3, 'regressor__n_estimators': 1497, 'regressor__reg_alpha': 0.21876421957307024, 'regressor__reg_lambda': 2.7324080080693647, 'regressor__subsample': 0.8211508513174122}",-0.19386641681194305,-0.18940100073814392,-0.19022680819034576,-0.19116474191347757,0.0019398925966449534,7,-0.10878883302211761,-0.10225781798362732,-0.10347874462604523,-0.10484179854393005,0.0028351338998999064
18,9.447028636932373,0.3128645657266525,0.03745118776957194,0.0011267598034893952,0.877809017163818,0.7242559978998145,0.18482722803070223,0.03421599382774259,9,5,983,0.983423140894843,2.0952977697782122,0.9449295619658151,"{'regressor__colsample_bylevel': 0.877809017163818, 'regressor__colsample_bytree': 0.7242559978998145, 'regressor__gamma': 0.18482722803070223, 'regressor__learning_rate': 0.03421599382774259, 'regressor__max_depth': 9, 'regressor__min_child_weight': 5, 'regressor__n_estimators': 983, 'regressor__reg_alpha': 0.983423140894843, 'regressor__reg_lambda': 2.0952977697782122, 'regressor__subsample': 0.9449295619658151}",-0.19265532493591309,-0.19103415310382843,-0.18998895585536957,-0.1912261446317037,0.0010969735878016177,8,-0.08791414648294449,-0.06243070587515831,-0.07517772167921066,-0.07517419134577115,0.010403571362760707
54,7.269404888153076,0.12414465837792947,0.02974239985148112,0.00026033389871199243,0.9933702006262812,0.8668015115927753,0.16134319413879183,0.014340078329817277,8,3,863,0.07379656473539886,2.715417137605283,0.9907907606857296,"{'regressor__colsample_bylevel': 0.9933702006262812, 'regressor__colsample_bytree': 0.8668015115927753, 'regressor__gamma': 0.16134319413879183, 'regressor__learning_rate': 0.014340078329817277, 'regressor__max_depth': 8, 'regressor__min_child_weight': 3, 'regressor__n_estimators': 863, 'regressor__reg_alpha': 0.07379656473539886, 'regressor__reg_lambda': 2.715417137605283, 'regressor__subsample': 0.9907907606857296}",-0.19601233303546906,-0.18880441784858704,-0.1900060921907425,-0.1916076143582662,0.0031530054736313073,9,-0.14221365749835968,-0.13304995000362396,-0.13755445182323456,-0.13760601977507272,0.0037412456216712534
38,5.8069954713185625,0.10748271412973971,0.02790355682373047,0.00038038910355122046,0.8025639000149204,0.7275397197440325,0.04707849413428006,0.041141330939129424,9,4,552,0.4741738290873252,0.8913366426040059,0.8474847625350497,"{'regressor__colsample_bylevel': 0.8025639000149204, 'regressor__colsample_bytree': 0.7275397197440325, 'regressor__gamma': 0.04707849413428006, 'regressor__learning_rate': 0.041141330939129424, 'regressor__max_depth': 9, 'regressor__min_child_weight': 4, 'regressor__n_estimators': 552, 'regressor__reg_alpha': 0.4741738290873252, 'regressor__reg_lambda': 0.8913366426040059, 'regressor__subsample': 0.8474847625350497}",-0.1948193907737732,-0.19094449281692505,-0.18916194140911102,-0.1916419416666031,0.002361709762279158,10,-0.09637024998664856,-0.0805056095123291,-0.0865737572312355,-0.08781653891007106,0.006536058142886571
34,10.986681699752808,0.3214302795365271,0.04032468795776367,0.00400211055061752,0.9895755491172309,0.8371795484841185,0.4210115375059907,0.0294380033994873,9,3,922,0.13835309241780136,1.0309816889718793,0.9908610601342476,"{'regressor__colsample_bylevel': 0.9895755491172309, 'regressor__colsample_bytree': 0.8371795484841185, 'regressor__gamma': 0.4210115375059907, 'regressor__learning_rate': 0.0294380033994873, 'regressor__max_depth': 9, 'regressor__min_child_weight': 3, 'regressor__n_estimators': 922, 'regressor__reg_alpha': 0.13835309241780136, 'regressor__reg_lambda': 1.0309816889718793, 'regressor__subsample': 0.9908610601342476}",-0.19437448680400848,-0.19054003059864044,-0.19072450697422028,-0.19187967479228973,0.0017657053573853303,11,-0.06396003067493439,-0.05825486034154892,-0.06459260731935501,-0.062269166111946106,0.0028502662351026936
65,11.928833405176798,0.7035637954927426,0.04721856117248535,0.00768185237068957,0.8176732135299196,0.8312424766071187,0.4520793472468742,0.044825546702330035,9,1,1083,0.910471278403273,1.6918378061678019,0.8570806828045033,"{'regressor__colsample_bylevel': 0.8176732135299196, 'regressor__colsample_bytree': 0.8312424766071187, 'regressor__gamma': 0.4520793472468742, 'regressor__learning_rate': 0.044825546702330035, 'regressor__max_depth': 9, 'regressor__min_child_weight': 1, 'regressor__n_estimators': 1083, 'regressor__reg_alpha': 0.910471278403273, 'regressor__reg_lambda': 1.6918378061678019, 'regressor__subsample': 0.8570806828045033}",-0.1949358582496643,-0.1914099007844925,-0.1904160976409912,-0.19225395222504935,0.001939308487693111,12,-0.03294212743639946,-0.034415338188409805,-0.030727680772542953,-0.03269504879911741,0.001515583538652206
10,7.0090822378794355,0.23147295199920306,0.029967308044433594,0.002398905195336892,0.9188818535014192,0.8912672414065639,0.44360637128816327,0.05722149251619493,8,6,742,0.7607850486168974,2.745108790277985,0.9312901539863683,"{'regressor__colsample_bylevel': 0.9188818535014192, 'regressor__colsample_bytree': 0.8912672414065639, 'regressor__gamma': 0.44360637128816327, 'regressor__learning_rate': 0.05722149251619493, 'regressor__max_depth': 8, 'regressor__min_child_weight': 6, 'regressor__n_estimators': 742, 'regressor__reg_alpha': 0.7607850486168974, 'regressor__reg_lambda': 2.745108790277985, 'regressor__subsample': 0.9312901539863683}",-0.19454611837863922,-0.19160890579223633,-0.19088074564933777,-0.19234525660673776,0.0015843818358567904,13,-0.10079402476549149,-0.07200191169977188,-0.0962923988699913,-0.08969611177841823,0.01264593996092911
51,4.281273603439331,0.047000948156734765,0.02255400021870931,0.0007103405213280167,0.7710055581046236,0.9723081119045638,0.29594436941064217,0.04502182467003136,7,3,544,0.37798759012225447,3.3203374571866395,0.7746172463290864,"{'regressor__colsample_bylevel': 0.7710055581046236, 'regressor__colsample_bytree': 0.9723081119045638, 'regressor__gamma': 0.29594436941064217, 'regressor__learning_rate': 0.04502182467003136, 'regressor__max_depth': 7, 'regressor__min_child_weight': 3, 'regressor__n_estimators': 544, 'regressor__reg_alpha': 0.37798759012225447, 'regressor__reg_lambda': 3.3203374571866395, 'regressor__subsample': 0.7746172463290864}",-0.1960269659757614,-0.18995511531829834,-0.19134613871574402,-0.19244274000326791,0.0025972733638032794,14,-0.13251720368862152,-0.12066479027271271,-0.1256159096956253,-0.12626596788565317,0.004860511473992597
99,12.76188349723816,2.0733769521507583,0.03701329231262207,0.0005797918609221589,0.8491035846463746,0.9296068843198722,0.05149073966565776,0.04343628113104822,10,3,899,0.27230185472029944,4.0897216392755364,0.8579735399977881,"{'regressor__colsample_bylevel': 0.8491035846463746, 'regressor__colsample_bytree': 0.9296068843198722, 'regressor__gamma': 0.05149073966565776, 'regressor__learning_rate': 0.04343628113104822, 'regressor__max_depth': 10, 'regressor__min_child_weight': 3, 'regressor__n_estimators': 899, 'regressor__reg_alpha': 0.27230185472029944, 'regressor__reg_lambda': 4.0897216392755364, 'regressor__subsample': 0.8579735399977881}",-0.19468474388122559,-0.19075949490070343,-0.19196462631225586,-0.19246962169806162,0.0016417795516930993,15,-0.045824360102415085,-0.037259623408317566,-0.040350474417209625,-0.041144819309314094,0.003541366639732413
93,17.266050974527996,2.7445210819855106,0.05596295992533366,0.0010338806886312389,0.9512472367007476,0.7996439237964816,0.1557221320228206,0.03273956208771126,10,5,1554,0.05476163882203133,1.8407889665836037,0.9408560345794034,"{'regressor__colsample_bylevel': 0.9512472367007476, 'regressor__colsample_bytree': 0.7996439237964816, 'regressor__gamma': 0.1557221320228206, 'regressor__learning_rate': 0.03273956208771126, 'regressor__max_depth': 10, 'regressor__min_child_weight': 5, 'regressor__n_estimators': 1554, 'regressor__reg_alpha': 0.05476163882203133, 'regressor__reg_lambda': 1.8407889665836037, 'regressor__subsample': 0.9408560345794034}",-0.19355566799640656,-0.19228409230709076,-0.19235040247440338,-0.19273005425930023,0.0005844243844708848,16,-0.03688507154583931,-0.026347778737545013,-0.03203298896551132,-0.03175527974963188,0.004306311394404802
50,3.7137707074483237,0.05365945456605896,0.023026227951049805,0.0006467164789373723,0.721828901909258,0.9465580177871068,0.3531211135782481,0.018134878064189976,8,6,438,0.5813054172267823,3.9525540879560155,0.964107990591525,"{'regressor__colsample_bylevel': 0.721828901909258, 'regressor__colsample_bytree': 0.9465580177871068, 'regressor__gamma': 0.3531211135782481, 'regressor__learning_rate': 0.018134878064189976, 'regressor__max_depth': 8, 'regressor__min_child_weight': 6, 'regressor__n_estimators': 438, 'regressor__reg_alpha': 0.5813054172267823, 'regressor__reg_lambda': 3.9525540879560155, 'regressor__subsample': 0.964107990591525}",-0.1969316303730011,-0.19068418443202972,-0.19089291989803314,-0.19283624490102133,0.0028971283767170995,17,-0.1621159315109253,-0.15701666474342346,-0.1566992700099945,-0.1586106220881144,0.0024820126868379928
22,4.0892744064331055,0.08603730039956378,0.021528959274291992,0.0009801475842630217,0.8674880360821292,0.9647909029568018,0.09435355417068969,0.03788713525921819,6,3,503,0.8870864242651173,3.6195021834304955,0.8926094938462863,"{'regressor__colsample_bylevel': 0.8674880360821292, 'regressor__colsample_bytree': 0.9647909029568018, 'regressor__gamma': 0.09435355417068969, 'regressor__learning_rate': 0.03788713525921819, 'regressor__max_depth': 6, 'regressor__min_child_weight': 3, 'regressor__n_estimators': 503, 'regressor__reg_alpha': 0.8870864242651173, 'regressor__reg_lambda': 3.6195021834304955, 'regressor__subsample': 0.8926094938462863}",-0.19754686951637268,-0.19062386453151703,-0.19197344779968262,-0.19338139394919077,0.0029965239611946136,18,-0.15547706186771393,-0.1492430716753006,-0.15210123360157013,-0.15227378904819489,0.0025479390320278204
12,6.0599885781606035,0.06856576458770833,0.026500384012858074,0.0007386766366335294,0.9086548259278382,0.7417994363217627,0.3022086896389086,0.06398410913016732,8,4,624,0.07697990982879299,1.659005811655072,0.7483663861762013,"{'regressor__colsample_bylevel': 0.9086548259278382, 'regressor__colsample_bytree': 0.7417994363217627, 'regressor__gamma': 0.3022086896389086, 'regressor__learning_rate': 0.06398410913016732, 'regressor__max_depth': 8, 'regressor__min_child_weight': 4, 'regressor__n_estimators': 624, 'regressor__reg_alpha': 0.07697990982879299, 'regressor__reg_lambda': 1.659005811655072, 'regressor__subsample': 0.7483663861762013}",-0.19493097066879272,-0.19307169318199158,-0.19231031835079193,-0.19343766073385874,0.0011007281922210917,19,-0.08606963604688644,-0.07078688591718674,-0.07640434056520462,-0.0777536208430926,0.006311683918624369
57,13.894405047098795,0.2637366251726257,0.047198216120402016,0.0013796897384410394,0.7797813774892717,0.8081035285615804,0.12997493142713135,0.05532408468288311,10,1,1324,0.30952761628632774,3.7551800788277947,0.9054193517661637,"{'regressor__colsample_bylevel': 0.7797813774892717, 'regressor__colsample_bytree': 0.8081035285615804, 'regressor__gamma': 0.12997493142713135, 'regressor__learning_rate': 0.05532408468288311, 'regressor__max_depth': 10, 'regressor__min_child_weight': 1, 'regressor__n_estimators': 1324, 'regressor__reg_alpha': 0.30952761628632774, 'regressor__reg_lambda': 3.7551800788277947, 'regressor__subsample': 0.9054193517661637}",-0.19654929637908936,-0.19179151952266693,-0.1921158879995346,-0.19348556796709696,0.0021704266192054543,20,-0.01512208953499794,-0.016179708763957024,-0.014707624912261963,-0.015336474403738976,0.0006198001670238426
29,14.740603367487589,0.4163503961620228,0.047612508138020836,0.0031035160360906155,0.780542457067047,0.8455839622828947,0.18634343354702465,0.04946914668094723,9,2,1446,0.570061170089365,0.8887059750830741,0.8845021680097509,"{'regressor__colsample_bylevel': 0.780542457067047, 'regressor__colsample_bytree': 0.8455839622828947, 'regressor__gamma': 0.18634343354702465, 'regressor__learning_rate': 0.04946914668094723, 'regressor__max_depth': 9, 'regressor__min_child_weight': 2, 'regressor__n_estimators': 1446, 'regressor__reg_alpha': 0.570061170089365, 'regressor__reg_lambda': 0.8887059750830741, 'regressor__subsample': 0.8845021680097509}",-0.19601871073246002,-0.19249260425567627,-0.19196180999279022,-0.19349104166030884,0.001800420106736278,21,-0.022468531504273415,-0.023626673966646194,-0.021383577957749367,-0.022492927809556324,0.0009159025825438759
26,5.120509227116902,0.02056676808499093,0.023511171340942383,0.001100360729982493,0.817929317400028,0.9676139665531339,0.31556931299863145,0.08948113035416484,9,1,383,0.6689240596630996,3.9566702602876123,0.7690555804724666,"{'regressor__colsample_bylevel': 0.817929317400028, 'regressor__colsample_bytree': 0.9676139665531339, 'regressor__gamma': 0.31556931299863145, 'regressor__learning_rate': 0.08948113035416484, 'regressor__max_depth': 9, 'regressor__min_child_weight': 1, 'regressor__n_estimators': 383, 'regressor__reg_alpha': 0.6689240596630996, 'regressor__reg_lambda': 3.9566702602876123, 'regressor__subsample': 0.7690555804724666}",-0.1962558776140213,-0.19228507578372955,-0.1925080567598343,-0.19368300338586172,0.0018215728504732745,22,-0.06338531523942947,-0.05750894546508789,-0.054172925651073456,-0.05835572878519694,0.0038083077585128514
80,7.997139612833659,0.05787047957580368,0.03022631009419759,0.0009809328537553794,0.8443420305564452,0.8597768297654758,0.025911768411213454,0.04366042781939206,5,5,1773,0.9899602323899452,1.7894153798988919,0.9429623337563904,"{'regressor__colsample_bylevel': 0.8443420305564452, 'regressor__colsample_bytree': 0.8597768297654758, 'regressor__gamma': 0.025911768411213454, 'regressor__learning_rate': 0.04366042781939206, 'regressor__max_depth': 5, 'regressor__min_child_weight': 5, 'regressor__n_estimators': 1773, 'regressor__reg_alpha': 0.9899602323899452, 'regressor__reg_lambda': 1.7894153798988919, 'regressor__subsample': 0.9429623337563904}",-0.19688422977924347,-0.19154779613018036,-0.19291923940181732,-0.19378375510374704,0.0022627301462135726,23,-0.11792609095573425,-0.11070822924375534,-0.11505024135112762,-0.1145615205168724,0.002966874670276128
5,18.72795828183492,0.39775821015158047,0.06144038836161295,0.003346251369929767,0.8173181822719722,0.7546708263364187,0.37768070515882624,0.052515587449124476,9,2,1895,0.18485445552552704,4.378338511058234,0.9325398470083344,"{'regressor__colsample_bylevel': 0.8173181822719722, 'regressor__colsample_bytree': 0.7546708263364187, 'regressor__gamma': 0.37768070515882624, 'regressor__learning_rate': 0.052515587449124476, 'regressor__max_depth': 9, 'regressor__min_child_weight': 2, 'regressor__n_estimators': 1895, 'regressor__reg_alpha': 0.18485445552552704, 'regressor__reg_lambda': 4.378338511058234, 'regressor__subsample': 0.9325398470083344}",-0.197412371635437,-0.192799910902977,-0.19139689207077026,-0.1938697248697281,0.0025696789735714202,24,-0.015445799566805363,-0.016949713230133057,-0.015894364565610886,-0.016096625787516434,0.0006304079515683875
77,8.446138461430868,0.2705321683858106,0.030960957209269207,0.0015238419528260001,0.8573534168710764,0.8231190480968984,0.4911893084543032,0.021203890216805237,5,4,1855,0.9173956130855316,0.5212000255904217,0.9925201488835427,"{'regressor__colsample_bylevel': 0.8573534168710764, 'regressor__colsample_bytree': 0.8231190480968984, 'regressor__gamma': 0.4911893084543032, 'regressor__learning_rate': 0.021203890216805237, 'regressor__max_depth': 5, 'regressor__min_child_weight': 4, 'regressor__n_estimators': 1855, 'regressor__reg_alpha': 0.9173956130855316, 'regressor__reg_lambda': 0.5212000255904217, 'regressor__subsample': 0.9925201488835427}",-0.19828730821609497,-0.19124606251716614,-0.19231873750686646,-0.1939507027467092,0.003097554751328017,25,-0.14136211574077606,-0.1392941176891327,-0.14168861508369446,-0.14078161617120108,0.0010602324449064103
0,8.432572285334269,0.25161059465764835,0.03839898109436035,0.004671926775636174,0.8123620356542087,0.9852142919229747,0.36599697090570255,0.06986584841970366,10,2,566,0.09997491581800289,2.3369955678634686,0.8001125833417065,"{'regressor__colsample_bylevel': 0.8123620356542087, 'regressor__colsample_bytree': 0.9852142919229747, 'regressor__gamma': 0.36599697090570255, 'regressor__learning_rate': 0.06986584841970366, 'regressor__max_depth': 10, 'regressor__min_child_weight': 2, 'regressor__n_estimators': 566, 'regressor__reg_alpha': 0.09997491581800289, 'regressor__reg_lambda': 2.3369955678634686, 'regressor__subsample': 0.8001125833417065}",-0.1971316635608673,-0.19189883768558502,-0.19285407662391663,-0.19396152595678964,0.002275294805648511,26,-0.03384369984269142,-0.03358282521367073,-0.03257913142442703,-0.033335218826929726,0.0005451391340346828
70,2.8777736822764077,0.015018669923172974,0.02097972234090169,0.00033157926683414227,0.7276871758686237,0.844343618216888,0.3438923585480415,0.061165701354726126,6,5,436,0.2768776481472037,3.7248051191722453,0.9244779071150975,"{'regressor__colsample_bylevel': 0.7276871758686237, 'regressor__colsample_bytree': 0.844343618216888, 'regressor__gamma': 0.3438923585480415, 'regressor__learning_rate': 0.061165701354726126, 'regressor__max_depth': 6, 'regressor__min_child_weight': 5, 'regressor__n_estimators': 436, 'regressor__reg_alpha': 0.2768776481472037, 'regressor__reg_lambda': 3.7248051191722453, 'regressor__subsample': 0.9244779071150975}",-0.1973254233598709,-0.19173608720302582,-0.19304385781288147,-0.19403512279192606,0.002387065752838853,27,-0.15382283926010132,-0.14130640029907227,-0.15093812346458435,-0.1486891210079193,0.005351561772283897
25,4.441615343093872,0.07303888563011816,0.02267169952392578,0.0009265579740883745,0.9232511569169686,0.9162819772756388,0.1540303959261946,0.06425402305548993,6,3,569,0.26520236768172545,1.4759585735163343,0.9919031664257336,"{'regressor__colsample_bylevel': 0.9232511569169686, 'regressor__colsample_bytree': 0.9162819772756388, 'regressor__gamma': 0.1540303959261946, 'regressor__learning_rate': 0.06425402305548993, 'regressor__max_depth': 6, 'regressor__min_child_weight': 3, 'regressor__n_estimators': 569, 'regressor__reg_alpha': 0.26520236768172545, 'regressor__reg_lambda': 1.4759585735163343, 'regressor__subsample': 0.9919031664257336}",-0.1974858194589615,-0.19190408289432526,-0.19280683994293213,-0.19406558076540628,0.002446394232725852,28,-0.11958686262369156,-0.11566121876239777,-0.11854726821184158,-0.1179317831993103,0.001660679837078053
52,15.216506004333496,0.16886232794225944,0.05321566263834635,0.0025943896510835797,0.7990757587057296,0.8303355533464813,0.12684108693656937,0.05052020867814171,9,2,1783,0.11881791626807192,0.9701049871084195,0.894763090634819,"{'regressor__colsample_bylevel': 0.7990757587057296, 'regressor__colsample_bytree': 0.8303355533464813, 'regressor__gamma': 0.12684108693656937, 'regressor__learning_rate': 0.05052020867814171, 'regressor__max_depth': 9, 'regressor__min_child_weight': 2, 'regressor__n_estimators': 1783, 'regressor__reg_alpha': 0.11881791626807192, 'regressor__reg_lambda': 0.9701049871084195, 'regressor__subsample': 0.894763090634819}",-0.19680698215961456,-0.19346873462200165,-0.19210246205329895,-0.1941260596116384,0.0019760540586705737,29,-0.01812071166932583,-0.0194235909730196,-0.017392946407198906,-0.01831241634984811,0.0008400168060123922
40,9.351844946543375,0.12472521485776883,0.035520076751708984,0.00034723541384869717,0.9800308924238448,0.8503119651745777,0.26968872420003126,0.0783963769398141,11,2,596,0.8671989335550038,3.045614389784045,0.9402847884047199,"{'regressor__colsample_bylevel': 0.9800308924238448, 'regressor__colsample_bytree': 0.8503119651745777, 'regressor__gamma': 0.26968872420003126, 'regressor__learning_rate': 0.0783963769398141, 'regressor__max_depth': 11, 'regressor__min_child_weight': 2, 'regressor__n_estimators': 596, 'regressor__reg_alpha': 0.8671989335550038, 'regressor__reg_lambda': 3.045614389784045, 'regressor__subsample': 0.9402847884047199}",-0.1968236118555069,-0.19413341581821442,-0.19154119491577148,-0.1941660741964976,0.0021566613253754014,30,-0.01696227863430977,-0.016741503030061722,-0.016207754611968994,-0.016637178758780163,0.0003167431033252309
94,3.4542649586995444,0.49723881440601153,0.021416902542114258,0.000652021447159214,0.7013896069013809,0.8000497515073433,0.19908434679547166,0.06373956029379228,6,6,485,0.4657001223188132,2.423347912356294,0.9755364174817902,"{'regressor__colsample_bylevel': 0.7013896069013809, 'regressor__colsample_bytree': 0.8000497515073433, 'regressor__gamma': 0.19908434679547166, 'regressor__learning_rate': 0.06373956029379228, 'regressor__max_depth': 6, 'regressor__min_child_weight': 6, 'regressor__n_estimators': 485, 'regressor__reg_alpha': 0.4657001223188132, 'regressor__reg_lambda': 2.423347912356294, 'regressor__subsample': 0.9755364174817902}",-0.19851912558078766,-0.1917584091424942,-0.19313471019268036,-0.19447074830532074,0.002917255567432468,31,-0.14982809126377106,-0.13469244539737701,-0.15065763890743256,-0.14505939185619354,0.007338356831664361
3,5.57175890604655,0.27514495503973385,0.025754372278849285,0.000649587052320243,0.7599021346475079,0.8542703315240834,0.29620728443102123,0.014645041271999773,6,5,940,0.06505159298527952,4.2955421490133325,0.9896896099223678,"{'regressor__colsample_bylevel': 0.7599021346475079, 'regressor__colsample_bytree': 0.8542703315240834, 'regressor__gamma': 0.29620728443102123, 'regressor__learning_rate': 0.014645041271999773, 'regressor__max_depth': 6, 'regressor__min_child_weight': 5, 'regressor__n_estimators': 940, 'regressor__reg_alpha': 0.06505159298527952, 'regressor__reg_lambda': 4.2955421490133325, 'regressor__subsample': 0.9896896099223678}",-0.19980816543102264,-0.19170749187469482,-0.19252267479896545,-0.19467944403489432,0.0036417915160292602,32,-0.17051216959953308,-0.16433659195899963,-0.16769152879714966,-0.1675134301185608,0.0025243123358056007
48,5.650721629460652,0.08345826630834144,0.02465931574503581,0.0008758802766434537,0.925712358831304,0.9374737131177545,0.39480907139727694,0.019120610304869036,5,2,1034,0.9959312420303291,0.7234846187094002,0.9211106670373026,"{'regressor__colsample_bylevel': 0.925712358831304, 'regressor__colsample_bytree': 0.9374737131177545, 'regressor__gamma': 0.39480907139727694, 'regressor__learning_rate': 0.019120610304869036, 'regressor__max_depth': 5, 'regressor__min_child_weight': 2, 'regressor__n_estimators': 1034, 'regressor__reg_alpha': 0.9959312420303291, 'regressor__reg_lambda': 0.7234846187094002, 'regressor__subsample': 0.9211106670373026}",-0.19946928322315216,-0.19229067862033844,-0.19235296547412872,-0.1947043091058731,0.0033694414637833016,33,-0.1613914668560028,-0.16104507446289062,-0.16072745621204376,-0.16105466584364572,0.00027116603740306246
85,15.125296354293823,1.175757023648377,0.05045787493387858,0.002376374405065426,0.8508161170277437,0.7696638085440451,0.44978728663728423,0.04838912213732115,9,5,1739,0.22902539092479635,2.6713972424536356,0.8294584429409327,"{'regressor__colsample_bylevel': 0.8508161170277437, 'regressor__colsample_bytree': 0.7696638085440451, 'regressor__gamma': 0.44978728663728423, 'regressor__learning_rate': 0.04838912213732115, 'regressor__max_depth': 9, 'regressor__min_child_weight': 5, 'regressor__n_estimators': 1739, 'regressor__reg_alpha': 0.22902539092479635, 'regressor__reg_lambda': 2.6713972424536356, 'regressor__subsample': 0.8294584429409327}",-0.19673411548137665,-0.19386547803878784,-0.1936262547969818,-0.19474194943904877,0.0014120554982030736,34,-0.029952170327305794,-0.026180513203144073,-0.02666083164513111,-0.027597838391860325,0.0016762727697925567
73,14.332709153493246,0.3077396758276866,0.05392591158548991,0.0010945356374645891,0.7807729692848142,0.8131852489313868,0.010035598888863184,0.042207916558317835,10,6,1597,0.5353355640155235,1.4328656461992049,0.802878059283478,"{'regressor__colsample_bylevel': 0.7807729692848142, 'regressor__colsample_bytree': 0.8131852489313868, 'regressor__gamma': 0.010035598888863184, 'regressor__learning_rate': 0.042207916558317835, 'regressor__max_depth': 10, 'regressor__min_child_weight': 6, 'regressor__n_estimators': 1597, 'regressor__reg_alpha': 0.5353355640155235, 'regressor__reg_lambda': 1.4328656461992049, 'regressor__subsample': 0.802878059283478}",-0.1968374401330948,-0.19396409392356873,-0.19364190101623535,-0.19481447835763296,0.0014364847895977995,35,-0.03153616562485695,-0.02586948685348034,-0.02877764031291008,-0.028727764263749123,0.002313680731317167
14,4.9089038372039795,0.09000652587365882,0.02453295389811198,0.0019335503282018741,0.736626386410202,0.8068893514230924,0.453414220772877,0.03721322493846353,6,6,732,0.8180147659224931,3.9429223330253738,0.7020856391593572,"{'regressor__colsample_bylevel': 0.736626386410202, 'regressor__colsample_bytree': 0.8068893514230924, 'regressor__gamma': 0.453414220772877, 'regressor__learning_rate': 0.03721322493846353, 'regressor__max_depth': 6, 'regressor__min_child_weight': 6, 'regressor__n_estimators': 732, 'regressor__reg_alpha': 0.8180147659224931, 'regressor__reg_lambda': 3.9429223330253738, 'regressor__subsample': 0.7020856391593572}",-0.19953620433807373,-0.1922140121459961,-0.19294330477714539,-0.19489784042040506,0.0032933045015617252,36,-0.16178247332572937,-0.14923909306526184,-0.15621313452720642,-0.1557449003060659,0.005131505922829863
43,8.185031414031982,0.2076949102765271,0.029341697692871094,0.0015634090066735397,0.9044841006918369,0.8021873708392719,0.13034726411795156,0.059603745429340625,5,5,1749,0.628942846779884,4.009888054108211,0.9205213131411657,"{'regressor__colsample_bylevel': 0.9044841006918369, 'regressor__colsample_bytree': 0.8021873708392719, 'regressor__gamma': 0.13034726411795156, 'regressor__learning_rate': 0.059603745429340625, 'regressor__max_depth': 5, 'regressor__min_child_weight': 5, 'regressor__n_estimators': 1749, 'regressor__reg_alpha': 0.628942846779884, 'regressor__reg_lambda': 4.009888054108211, 'regressor__subsample': 0.9205213131411657}",-0.19739748537540436,-0.19309084117412567,-0.1942853480577469,-0.19492455820242563,0.0018153490529182917,37,-0.10594303160905838,-0.09836002439260483,-0.1022525280714035,-0.10218519469102223,0.0030961158407787695
35,6.525310516357422,0.8010012483515176,0.030800660451253254,0.00573445432502384,0.9143785312539856,0.7123202550303627,0.19941045072239727,0.05335207375807421,5,2,840,0.18433367433137005,0.8234918664687907,0.8284943424820322,"{'regressor__colsample_bylevel': 0.9143785312539856, 'regressor__colsample_bytree': 0.7123202550303627, 'regressor__gamma': 0.19941045072239727, 'regressor__learning_rate': 0.05335207375807421, 'regressor__max_depth': 5, 'regressor__min_child_weight': 2, 'regressor__n_estimators': 840, 'regressor__reg_alpha': 0.18433367433137005, 'regressor__reg_lambda': 0.8234918664687907, 'regressor__subsample': 0.8284943424820322}",-0.1982252150774002,-0.1933242231607437,-0.19334420561790466,-0.1949645479520162,0.00230565426745766,38,-0.13593150675296783,-0.13420966267585754,-0.1334799975156784,-0.13454038898150125,0.0010277837976482554
47,14.147626002629599,0.06493391186287578,0.05080930391947428,0.0021317486187577652,0.9870402655379369,0.9030309713272909,0.24126047482132124,0.0593025657771805,11,5,1192,0.29321077169806453,1.8146581814796638,0.9017555368231115,"{'regressor__colsample_bylevel': 0.9870402655379369, 'regressor__colsample_bytree': 0.9030309713272909, 'regressor__gamma': 0.24126047482132124, 'regressor__learning_rate': 0.0593025657771805, 'regressor__max_depth': 11, 'regressor__min_child_weight': 5, 'regressor__n_estimators': 1192, 'regressor__reg_alpha': 0.29321077169806453, 'regressor__reg_lambda': 1.8146581814796638, 'regressor__subsample': 0.9017555368231115}",-0.19694414734840393,-0.19351083040237427,-0.19467729330062866,-0.19504409035046896,0.0014254406031825784,39,-0.017249464988708496,-0.015664895996451378,-0.015477040782570839,-0.016130467255910236,0.0007949588416395144
36,15.321579456329346,0.3261381847572265,0.056807915369669594,0.004308930466139508,0.9065499702296098,0.7174580786525331,0.45760686381324023,0.054235222973110446,11,6,1241,0.7145959227000623,3.140789506870925,0.7839801690837828,"{'regressor__colsample_bylevel': 0.9065499702296098, 'regressor__colsample_bytree': 0.7174580786525331, 'regressor__gamma': 0.45760686381324023, 'regressor__learning_rate': 0.054235222973110446, 'regressor__max_depth': 11, 'regressor__min_child_weight': 6, 'regressor__n_estimators': 1241, 'regressor__reg_alpha': 0.7145959227000623, 'regressor__reg_lambda': 3.140789506870925, 'regressor__subsample': 0.7839801690837828}",-0.19642068445682526,-0.19492898881435394,-0.19420389831066132,-0.1951845238606135,0.0009228610673177377,40,-0.032160669565200806,-0.022226184606552124,-0.024803204461932182,-0.02639668621122837,0.004209345627086571
2,4.732327540715535,0.08138437711829417,0.02287880579630534,0.0005011306849736566,0.8574269294896713,0.8295835055926347,0.14561457009902096,0.07118528947223794,5,4,799,0.3663618432936917,2.3242799368681437,0.935552788417904,"{'regressor__colsample_bylevel': 0.8574269294896713, 'regressor__colsample_bytree': 0.8295835055926347, 'regressor__gamma': 0.14561457009902096, 'regressor__learning_rate': 0.07118528947223794, 'regressor__max_depth': 5, 'regressor__min_child_weight': 4, 'regressor__n_estimators': 799, 'regressor__reg_alpha': 0.3663618432936917, 'regressor__reg_lambda': 2.3242799368681437, 'regressor__subsample': 0.935552788417904}",-0.198506698012352,-0.19271044433116913,-0.1943821907043457,-0.19519977768262228,0.0024359085278997414,41,-0.13080275058746338,-0.12658683955669403,-0.12941451370716095,-0.1289347012837728,0.0017542598488762306
74,1.66933012008667,0.024660602387994345,0.01697532335917155,0.0008351831600664649,0.8421909824291668,0.8065312909837914,0.324411420145788,0.057958210175425025,7,6,133,0.5577422659504374,2.8461417386430363,0.8693375627567923,"{'regressor__colsample_bylevel': 0.8421909824291668, 'regressor__colsample_bytree': 0.8065312909837914, 'regressor__gamma': 0.324411420145788, 'regressor__learning_rate': 0.057958210175425025, 'regressor__max_depth': 7, 'regressor__min_child_weight': 6, 'regressor__n_estimators': 133, 'regressor__reg_alpha': 0.5577422659504374, 'regressor__reg_lambda': 2.8461417386430363, 'regressor__subsample': 0.8693375627567923}",-0.2007659524679184,-0.19284191727638245,-0.19265785813331604,-0.19542190929253897,0.003779556194164973,42,-0.17228952050209045,-0.16832280158996582,-0.1666335165500641,-0.16908194621404013,0.0023706286924963112
49,5.1643563111623125,0.05268728744101815,0.02350306510925293,0.0001498518460654519,0.8637747310494966,0.9117494451636083,0.48432597198706745,0.0788030010175039,5,4,1012,0.10112267612279024,0.8364272244599897,0.910290739437736,"{'regressor__colsample_bylevel': 0.8637747310494966, 'regressor__colsample_bytree': 0.9117494451636083, 'regressor__gamma': 0.48432597198706745, 'regressor__learning_rate': 0.0788030010175039, 'regressor__max_depth': 5, 'regressor__min_child_weight': 4, 'regressor__n_estimators': 1012, 'regressor__reg_alpha': 0.10112267612279024, 'regressor__reg_lambda': 0.8364272244599897, 'regressor__subsample': 0.910290739437736}",-0.19858238101005554,-0.19423069059848785,-0.19345688819885254,-0.19542331993579865,0.0022560204921622793,43,-0.1107567623257637,-0.10641391575336456,-0.10801400244235992,-0.10839489350716273,0.0017933000474515692
39,9.844943046569824,0.07333721562721691,0.03293013572692871,0.0010564767640666177,0.8420415312341697,0.7519605609730045,0.21692582461898652,0.04985047343973735,5,6,1960,0.8866803872980475,1.5435744933668558,0.7045913620871154,"{'regressor__colsample_bylevel': 0.8420415312341697, 'regressor__colsample_bytree': 0.7519605609730045, 'regressor__gamma': 0.21692582461898652, 'regressor__learning_rate': 0.04985047343973735, 'regressor__max_depth': 5, 'regressor__min_child_weight': 6, 'regressor__n_estimators': 1960, 'regressor__reg_alpha': 0.8866803872980475, 'regressor__reg_lambda': 1.5435744933668558, 'regressor__subsample': 0.7045913620871154}",-0.19797171652317047,-0.19406014680862427,-0.19437599182128906,-0.19546928505102792,0.0017741781144299663,44,-0.11177634447813034,-0.10578769445419312,-0.10722566395998001,-0.1082632342974345,0.0025525668690130833
88,13.599335670471191,0.6323164207540907,0.039977709452311196,0.0029599592777040146,0.7308748092232434,0.8609444054453783,0.18941078277845785,0.05570002192816784,7,5,1771,0.14991742734877378,1.417005580930566,0.9166757705179198,"{'regressor__colsample_bylevel': 0.7308748092232434, 'regressor__colsample_bytree': 0.8609444054453783, 'regressor__gamma': 0.18941078277845785, 'regressor__learning_rate': 0.05570002192816784, 'regressor__max_depth': 7, 'regressor__min_child_weight': 5, 'regressor__n_estimators': 1771, 'regressor__reg_alpha': 0.14991742734877378, 'regressor__reg_lambda': 1.417005580930566, 'regressor__subsample': 0.9166757705179198}",-0.19761747121810913,-0.1946687400341034,-0.1941281408071518,-0.19547145068645477,0.0015334307880820067,45,-0.04555573686957359,-0.04187290742993355,-0.04331635311245918,-0.04358166580398878,0.0015151680409743028
81,16.15512816111247,0.2393298268391828,0.05849194526672363,0.0007816705254530586,0.7763921964291292,0.9044508166671787,0.3801139299448433,0.06956387406078443,11,6,1542,0.3488682665429953,4.218116576991303,0.9491858223363187,"{'regressor__colsample_bylevel': 0.7763921964291292, 'regressor__colsample_bytree': 0.9044508166671787, 'regressor__gamma': 0.3801139299448433, 'regressor__learning_rate': 0.06956387406078443, 'regressor__max_depth': 11, 'regressor__min_child_weight': 6, 'regressor__n_estimators': 1542, 'regressor__reg_alpha': 0.3488682665429953, 'regressor__reg_lambda': 4.218116576991303, 'regressor__subsample': 0.9491858223363187}",-0.1971554309129715,-0.1936483234167099,-0.19563201069831848,-0.19547858834266663,0.0014358747768042296,46,-0.01167302206158638,-0.010930174961686134,-0.011526848189532757,-0.011376681737601757,0.0003213180417402778
1,5.781133651733398,0.11485589942366022,0.032358249028523765,0.005239743684996696,0.7428600453765822,0.8952665418846558,0.028205789513550128,0.08219987722668247,9,6,485,0.18182496720710062,1.2336180394137353,0.7912726728878613,"{'regressor__colsample_bylevel': 0.7428600453765822, 'regressor__colsample_bytree': 0.8952665418846558, 'regressor__gamma': 0.028205789513550128, 'regressor__learning_rate': 0.08219987722668247, 'regressor__max_depth': 9, 'regressor__min_child_weight': 6, 'regressor__n_estimators': 485, 'regressor__reg_alpha': 0.18182496720710062, 'regressor__reg_lambda': 1.2336180394137353, 'regressor__subsample': 0.7912726728878613}",-0.1970645934343338,-0.1942480355501175,-0.1951289176940918,-0.19548051555951437,0.0011764254822731843,47,-0.08660413324832916,-0.06683631241321564,-0.07581421732902527,-0.07641822099685669,0.008081472657272002
89,1.79586656888326,0.017464067993018098,0.01685778299967448,0.0006907097018527621,0.9160109609638223,0.8923442898655891,0.34697422223355,0.06427244433475962,6,3,168,0.8267988278090783,4.336299178256111,0.8027572771535629,"{'regressor__colsample_bylevel': 0.9160109609638223, 'regressor__colsample_bytree': 0.8923442898655891, 'regressor__gamma': 0.34697422223355, 'regressor__learning_rate': 0.06427244433475962, 'regressor__max_depth': 6, 'regressor__min_child_weight': 3, 'regressor__n_estimators': 168, 'regressor__reg_alpha': 0.8267988278090783, 'regressor__reg_lambda': 4.336299178256111, 'regressor__subsample': 0.8027572771535629}",-0.2003301978111267,-0.19261886179447174,-0.1936996579170227,-0.19554957250754038,0.0034090872468152604,48,-0.17258240282535553,-0.16933469474315643,-0.16971968114376068,-0.17054559290409088,0.0014487925141726658
8,5.2939216295878095,0.022566155246773863,0.021979570388793945,0.0003684286862013019,0.9960660809801551,0.9316734307889971,0.0993578407670862,0.01055221171236024,6,3,692,0.71134195274865,3.6607021621248226,0.8817879924343034,"{'regressor__colsample_bylevel': 0.9960660809801551, 'regressor__colsample_bytree': 0.9316734307889971, 'regressor__gamma': 0.0993578407670862, 'regressor__learning_rate': 0.01055221171236024, 'regressor__max_depth': 6, 'regressor__min_child_weight': 3, 'regressor__n_estimators': 692, 'regressor__reg_alpha': 0.71134195274865, 'regressor__reg_lambda': 3.6607021621248226, 'regressor__subsample': 0.8817879924343034}",-0.20111939311027527,-0.19265583157539368,-0.19309377670288086,-0.19562300046284994,0.003890646740125682,49,-0.17657095193862915,-0.1745932251214981,-0.17308205366134644,-0.17474874357382456,0.001428575581728664
75,5.918009281158447,0.10701297436075165,0.02713775634765625,0.0002976531592166801,0.8136317877853867,0.8012340501615753,0.44982369857250615,0.07075552222935728,6,3,976,0.330348481280914,4.234767295039498,0.7022603089402224,"{'regressor__colsample_bylevel': 0.8136317877853867, 'regressor__colsample_bytree': 0.8012340501615753, 'regressor__gamma': 0.44982369857250615, 'regressor__learning_rate': 0.07075552222935728, 'regressor__max_depth': 6, 'regressor__min_child_weight': 3, 'regressor__n_estimators': 976, 'regressor__reg_alpha': 0.330348481280914, 'regressor__reg_lambda': 4.234767295039498, 'regressor__subsample': 0.7022603089402224}",-0.19819580018520355,-0.19477860629558563,-0.19431892037391663,-0.19576444228490195,0.001729441859129602,50,-0.09652129560709,-0.09215721487998962,-0.09109432250261307,-0.09325761099656422,0.002348213928245372
72,13.865400950113932,0.10540660397630644,0.04836169878641764,0.0011148866318181315,0.7757310833032062,0.9140048757653657,0.44760341884359967,0.061167744211566615,10,4,1397,0.44741236682345464,2.6304690658200927,0.7727411510904189,"{'regressor__colsample_bylevel': 0.7757310833032062, 'regressor__colsample_bytree': 0.9140048757653657, 'regressor__gamma': 0.44760341884359967, 'regressor__learning_rate': 0.061167744211566615, 'regressor__max_depth': 10, 'regressor__min_child_weight': 4, 'regressor__n_estimators': 1397, 'regressor__reg_alpha': 0.44741236682345464, 'regressor__reg_lambda': 2.6304690658200927, 'regressor__subsample': 0.7727411510904189}",-0.19737683236598969,-0.19549308717250824,-0.1944294422864914,-0.19576645394166312,0.0012186944142646705,51,-0.020129632204771042,-0.020205100998282433,-0.01928960345685482,-0.019874778886636097,0.0004149269794500343
53,4.041236639022827,0.03474099972932546,0.020721435546875,0.0005060353323396869,0.9238134637796269,0.8750106295291479,0.48108627423727096,0.04748705795237041,4,1,923,0.5283701212972092,2.245343326426224,0.9406327747080202,"{'regressor__colsample_bylevel': 0.9238134637796269, 'regressor__colsample_bytree': 0.8750106295291479, 'regressor__gamma': 0.48108627423727096, 'regressor__learning_rate': 0.04748705795237041, 'regressor__max_depth': 4, 'regressor__min_child_weight': 1, 'regressor__n_estimators': 923, 'regressor__reg_alpha': 0.5283701212972092, 'regressor__reg_lambda': 2.245343326426224, 'regressor__subsample': 0.9406327747080202}",-0.20101800560951233,-0.1934036910533905,-0.1935897320508957,-0.19600380957126617,0.0035463854129390913,52,-0.15955281257629395,-0.16037335991859436,-0.15861354768276215,-0.15951324005921683,0.0007189850552118864
87,8.1714186668396,0.38085572729145317,0.031936963399251304,0.0011234598894319496,0.7455024639198253,0.7935166203386644,0.12424456990723287,0.08439462925726769,9,4,697,0.7140640822236142,2.4759259485234506,0.9263905875580349,"{'regressor__colsample_bylevel': 0.7455024639198253, 'regressor__colsample_bytree': 0.7935166203386644, 'regressor__gamma': 0.12424456990723287, 'regressor__learning_rate': 0.08439462925726769, 'regressor__max_depth': 9, 'regressor__min_child_weight': 4, 'regressor__n_estimators': 697, 'regressor__reg_alpha': 0.7140640822236142, 'regressor__reg_lambda': 2.4759259485234506, 'regressor__subsample': 0.9263905875580349}",-0.19835318624973297,-0.19533811509609222,-0.19445781409740448,-0.19604970514774323,0.0016679830839451144,53,-0.03302983194589615,-0.031048186123371124,-0.03254097327589989,-0.03220633044838905,0.0008428995226739877
56,18.882489442825317,0.28988542391291855,0.05672891934712728,0.0011486273145610774,0.9851234452229676,0.9670791351672748,0.22782837639285647,0.07201325978015367,11,2,1471,0.6468483616687238,2.0530735359594887,0.7688184237114849,"{'regressor__colsample_bylevel': 0.9851234452229676, 'regressor__colsample_bytree': 0.9670791351672748, 'regressor__gamma': 0.22782837639285647, 'regressor__learning_rate': 0.07201325978015367, 'regressor__max_depth': 11, 'regressor__min_child_weight': 2, 'regressor__n_estimators': 1471, 'regressor__reg_alpha': 0.6468483616687238, 'regressor__reg_lambda': 2.0530735359594887, 'regressor__subsample': 0.7688184237114849}",-0.19933991134166718,-0.19492967426776886,-0.19400379061698914,-0.19609112540880838,0.002328128384468397,54,-0.013225519098341465,-0.014979721046984196,-0.013404332101345062,-0.013869857415556908,0.0007881799637073234
21,9.81820241610209,0.1022602048128363,0.030145009358723957,0.0006515669147441892,0.9774080854835687,0.9632018060142942,0.1289708138575778,0.0759984046034179,5,1,1695,0.260829174830409,4.485014799031697,0.989625805386638,"{'regressor__colsample_bylevel': 0.9774080854835687, 'regressor__colsample_bytree': 0.9632018060142942, 'regressor__gamma': 0.1289708138575778, 'regressor__learning_rate': 0.0759984046034179, 'regressor__max_depth': 5, 'regressor__min_child_weight': 1, 'regressor__n_estimators': 1695, 'regressor__reg_alpha': 0.260829174830409, 'regressor__reg_lambda': 4.485014799031697, 'regressor__subsample': 0.989625805386638}",-0.1989787220954895,-0.19454233348369598,-0.19521193206310272,-0.19624432921409607,0.001952736351336621,55,-0.08535351604223251,-0.08403106778860092,-0.08474064618349075,-0.08470841000477473,0.0005403682227869994
20,13.147195736567179,0.07652049246542751,0.0454712708791097,0.0010260638642822584,0.7679487325593813,0.8935518371228349,0.08718321450249572,0.0790937738102466,11,2,971,0.13752094414599325,1.864265404201034,0.7340420563721767,"{'regressor__colsample_bylevel': 0.7679487325593813, 'regressor__colsample_bytree': 0.8935518371228349, 'regressor__gamma': 0.08718321450249572, 'regressor__learning_rate': 0.0790937738102466, 'regressor__max_depth': 11, 'regressor__min_child_weight': 2, 'regressor__n_estimators': 971, 'regressor__reg_alpha': 0.13752094414599325, 'regressor__reg_lambda': 1.864265404201034, 'regressor__subsample': 0.7340420563721767}",-0.1983276605606079,-0.19543711841106415,-0.19517499208450317,-0.19631325701872507,0.001428412586272296,56,-0.016347624361515045,-0.01754048652946949,-0.016178496181964874,-0.01668886902431647,0.0006061300006829005
19,5.967889944712321,0.04357244675734258,0.024881283442179363,0.000614212545203392,0.9395035374953653,0.7452152631896288,0.25409938837035934,0.07958128067908818,6,4,863,0.6775643618422824,0.5663513157114246,0.8536279174897843,"{'regressor__colsample_bylevel': 0.9395035374953653, 'regressor__colsample_bytree': 0.7452152631896288, 'regressor__gamma': 0.25409938837035934, 'regressor__learning_rate': 0.07958128067908818, 'regressor__max_depth': 6, 'regressor__min_child_weight': 4, 'regressor__n_estimators': 863, 'regressor__reg_alpha': 0.6775643618422824, 'regressor__reg_lambda': 0.5663513157114246, 'regressor__subsample': 0.8536279174897843}",-0.19922798871994019,-0.1950082629919052,-0.19503086805343628,-0.1964223732550939,0.001983891184791514,57,-0.08874530345201492,-0.0854208692908287,-0.08548185974359512,-0.08654934416214626,0.0015529773256345496
55,10.761121352513632,0.029753559325744517,0.0369260311126709,0.0006032105018816798,0.8569293532510446,0.8888195914405788,0.3478743444923086,0.05545410647677733,8,6,1382,0.901158010490989,0.6817855213658315,0.7842889568776691,"{'regressor__colsample_bylevel': 0.8569293532510446, 'regressor__colsample_bytree': 0.8888195914405788, 'regressor__gamma': 0.3478743444923086, 'regressor__learning_rate': 0.05545410647677733, 'regressor__max_depth': 8, 'regressor__min_child_weight': 6, 'regressor__n_estimators': 1382, 'regressor__reg_alpha': 0.901158010490989, 'regressor__reg_lambda': 0.6817855213658315, 'regressor__subsample': 0.7842889568776691}",-0.19847416877746582,-0.19512592256069183,-0.19573545455932617,-0.19644518196582794,0.0014561302427301677,58,-0.04819503799080849,-0.04291144758462906,-0.044863082468509674,-0.04532318934798241,0.0021814147779933134
84,10.554753621419271,0.9624118604646572,0.038631439208984375,0.001437562031604287,0.8076491452370507,0.9631601622439324,0.1962225537113177,0.09165994394715771,10,6,899,0.46267978566960644,1.7055114966565683,0.9242828140528753,"{'regressor__colsample_bylevel': 0.8076491452370507, 'regressor__colsample_bytree': 0.9631601622439324, 'regressor__gamma': 0.1962225537113177, 'regressor__learning_rate': 0.09165994394715771, 'regressor__max_depth': 10, 'regressor__min_child_weight': 6, 'regressor__n_estimators': 899, 'regressor__reg_alpha': 0.46267978566960644, 'regressor__reg_lambda': 1.7055114966565683, 'regressor__subsample': 0.9242828140528753}",-0.19763168692588806,-0.1956537663936615,-0.19623005390167236,-0.19650516907374063,0.0008305856072183732,59,-0.020235495641827583,-0.018293671309947968,-0.01991831511259079,-0.019482494021455448,0.0008505392217406279
69,3.2959259351094565,0.05082396322747677,0.020898977915445965,0.0002960863967258168,0.753103145283024,0.7266107601271167,0.060317935550300406,0.05607787680327258,5,6,645,0.1287483982996439,1.8203980532406216,0.7964748294040087,"{'regressor__colsample_bylevel': 0.753103145283024, 'regressor__colsample_bytree': 0.7266107601271167, 'regressor__gamma': 0.060317935550300406, 'regressor__learning_rate': 0.05607787680327258, 'regressor__max_depth': 5, 'regressor__min_child_weight': 6, 'regressor__n_estimators': 645, 'regressor__reg_alpha': 0.1287483982996439, 'regressor__reg_lambda': 1.8203980532406216, 'regressor__subsample': 0.7964748294040087}",-0.20089343190193176,-0.19366462528705597,-0.19511578977108002,-0.19655794898668924,0.0031223686170590626,60,-0.16156832873821259,-0.15077799558639526,-0.15856899321079254,-0.15697177251180014,0.004547611670079827
79,3.4290785789489746,0.02633293271643387,0.020575602849324543,0.0008341060123468727,0.9132857436510244,0.7598520782014959,0.3681235918492441,0.06298400231811167,4,2,753,0.28863055324025577,2.824952885690449,0.7463088145822606,"{'regressor__colsample_bylevel': 0.9132857436510244, 'regressor__colsample_bytree': 0.7598520782014959, 'regressor__gamma': 0.3681235918492441, 'regressor__learning_rate': 0.06298400231811167, 'regressor__max_depth': 4, 'regressor__min_child_weight': 2, 'regressor__n_estimators': 753, 'regressor__reg_alpha': 0.28863055324025577, 'regressor__reg_lambda': 2.824952885690449, 'regressor__subsample': 0.7463088145822606}",-0.20066118240356445,-0.1940598040819168,-0.19501888751983643,-0.19657995800177255,0.0029123020360256944,61,-0.16085344552993774,-0.16021721065044403,-0.1600850224494934,-0.1603852262099584,0.00033545037270221663
78,8.908599932988485,0.0311309776836086,0.03224468231201172,0.0004594302305217435,0.8472246337776352,0.9168688289865327,0.4104307365766763,0.08184572708365537,6,2,1558,0.8385825587026248,1.3203102405978364,0.9903982199512702,"{'regressor__colsample_bylevel': 0.8472246337776352, 'regressor__colsample_bytree': 0.9168688289865327, 'regressor__gamma': 0.4104307365766763, 'regressor__learning_rate': 0.08184572708365537, 'regressor__max_depth': 6, 'regressor__min_child_weight': 2, 'regressor__n_estimators': 1558, 'regressor__reg_alpha': 0.8385825587026248, 'regressor__reg_lambda': 1.3203102405978364, 'regressor__subsample': 0.9903982199512702}",-0.1998804211616516,-0.1949814110994339,-0.19496949017047882,-0.19661044081052145,0.002312230402262401,62,-0.043909702450037,-0.046239111572504044,-0.04481177777051926,-0.0449868639310201,0.0009590022897634685
96,5.564890305201213,0.014862965375175926,0.025624910990397137,0.0017029854234758988,0.7832761517888254,0.7660291642243291,0.10634039217061314,0.06151736824068126,4,4,1484,0.14866272775311296,2.158496494908095,0.7256049004235932,"{'regressor__colsample_bylevel': 0.7832761517888254, 'regressor__colsample_bytree': 0.7660291642243291, 'regressor__gamma': 0.10634039217061314, 'regressor__learning_rate': 0.06151736824068126, 'regressor__max_depth': 4, 'regressor__min_child_weight': 4, 'regressor__n_estimators': 1484, 'regressor__reg_alpha': 0.14866272775311296, 'regressor__reg_lambda': 2.158496494908095, 'regressor__subsample': 0.7256049004235932}",-0.20073211193084717,-0.19447802007198334,-0.19496020674705505,-0.19672344624996185,0.0028413818707611234,63,-0.14252643287181854,-0.1393633335828781,-0.14057520031929016,-0.14082165559132895,0.0013030360518830996
76,4.197597980499268,0.09532827114291939,0.025974353154500324,0.0004820245209611996,0.7675998393137584,0.8096070459022172,0.24390490040436896,0.09508175178361462,9,6,449,0.17337359529475482,4.087061698505701,0.7240701236984927,"{'regressor__colsample_bylevel': 0.7675998393137584, 'regressor__colsample_bytree': 0.8096070459022172, 'regressor__gamma': 0.24390490040436896, 'regressor__learning_rate': 0.09508175178361462, 'regressor__max_depth': 9, 'regressor__min_child_weight': 6, 'regressor__n_estimators': 449, 'regressor__reg_alpha': 0.17337359529475482, 'regressor__reg_lambda': 4.087061698505701, 'regressor__subsample': 0.7240701236984927}",-0.19810408353805542,-0.19684724509716034,-0.19537945091724396,-0.19677692651748657,0.001113437397307092,64,-0.09753932058811188,-0.06770459562540054,-0.07796788960695267,-0.08107060194015503,0.012375993462266971
16,10.256516377131144,0.03392424104626767,0.033929030100504555,0.0006718459671139211,0.7194676741326944,0.7761746241803034,0.1234380314193006,0.07963042728397883,6,1,1736,0.2848404943774676,0.6475477894181312,0.882869300193969,"{'regressor__colsample_bylevel': 0.7194676741326944, 'regressor__colsample_bytree': 0.7761746241803034, 'regressor__gamma': 0.1234380314193006, 'regressor__learning_rate': 0.07963042728397883, 'regressor__max_depth': 6, 'regressor__min_child_weight': 1, 'regressor__n_estimators': 1736, 'regressor__reg_alpha': 0.2848404943774676, 'regressor__reg_lambda': 0.6475477894181312, 'regressor__subsample': 0.882869300193969}",-0.1989825963973999,-0.19739624857902527,-0.19406262040138245,-0.19681382179260254,0.0020503587769792908,65,-0.05133707821369171,-0.05085918307304382,-0.046367842704057693,-0.049521367996931076,0.002238397830437034
4,18.082199970881145,1.0763577989204913,0.05987143516540527,0.004629449013612654,0.9425192044349383,0.7913841307520112,0.048836057003191935,0.07842330265121569,10,4,1578,0.6099966577826209,3.8327796469446573,0.7520093960523315,"{'regressor__colsample_bylevel': 0.9425192044349383, 'regressor__colsample_bytree': 0.7913841307520112, 'regressor__gamma': 0.048836057003191935, 'regressor__learning_rate': 0.07842330265121569, 'regressor__max_depth': 10, 'regressor__min_child_weight': 4, 'regressor__n_estimators': 1578, 'regressor__reg_alpha': 0.6099966577826209, 'regressor__reg_lambda': 3.8327796469446573, 'regressor__subsample': 0.7520093960523315}",-0.2000081092119217,-0.19503946602344513,-0.19573669135570526,-0.1969280888636907,0.0021964250954864604,66,-0.015606813132762909,-0.01675492338836193,-0.01542923878878355,-0.015930325103302796,0.0005875683850706365
31,1.7020328839619954,0.00844494543183078,0.016854047775268555,0.0020207479537162295,0.9428083466435541,0.9430340184037542,0.43353615929005185,0.10132405525564712,5,1,135,0.7982951789667752,3.0998557231110606,0.910590063177311,"{'regressor__colsample_bylevel': 0.9428083466435541, 'regressor__colsample_bytree': 0.9430340184037542, 'regressor__gamma': 0.43353615929005185, 'regressor__learning_rate': 0.10132405525564712, 'regressor__max_depth': 5, 'regressor__min_child_weight': 1, 'regressor__n_estimators': 135, 'regressor__reg_alpha': 0.7982951789667752, 'regressor__reg_lambda': 3.0998557231110606, 'regressor__subsample': 0.910590063177311}",-0.20283415913581848,-0.19433027505874634,-0.19371497631072998,-0.19695980350176492,0.004161385083825666,67,-0.17298579216003418,-0.17375516891479492,-0.1706949919462204,-0.1724786510070165,0.0012997602039252132
33,6.052368561426799,0.08597305939764016,0.027362823486328125,0.0011989146073907676,0.8772499781707032,0.7091500749817148,0.01867409437460721,0.09226005606596582,9,3,543,0.3266512417960409,3.8114760151503546,0.7814628747459225,"{'regressor__colsample_bylevel': 0.8772499781707032, 'regressor__colsample_bytree': 0.7091500749817148, 'regressor__gamma': 0.01867409437460721, 'regressor__learning_rate': 0.09226005606596582, 'regressor__max_depth': 9, 'regressor__min_child_weight': 3, 'regressor__n_estimators': 543, 'regressor__reg_alpha': 0.3266512417960409, 'regressor__reg_lambda': 3.8114760151503546, 'regressor__subsample': 0.7814628747459225}",-0.19963407516479492,-0.19536139070987701,-0.19609956443309784,-0.1970316767692566,0.001864686420150187,68,-0.04731304943561554,-0.042012132704257965,-0.04228360950946808,-0.0438695972164472,0.0024374094585868995
95,3.3631602128346763,0.03939631900915124,0.020190954208374023,0.0003077729914241398,0.8761204672409701,0.7098540010730314,0.4563747314395644,0.034822644275715194,4,4,809,0.033879160246594986,1.7458926845310296,0.9341487122638262,"{'regressor__colsample_bylevel': 0.8761204672409701, 'regressor__colsample_bytree': 0.7098540010730314, 'regressor__gamma': 0.4563747314395644, 'regressor__learning_rate': 0.034822644275715194, 'regressor__max_depth': 4, 'regressor__min_child_weight': 4, 'regressor__n_estimators': 809, 'regressor__reg_alpha': 0.033879160246594986, 'regressor__reg_lambda': 1.7458926845310296, 'regressor__subsample': 0.9341487122638262}",-0.20174455642700195,-0.19435404241085052,-0.19509753584861755,-0.19706537822882333,0.003322572003808011,69,-0.1746157556772232,-0.17277272045612335,-0.1730993092060089,-0.1734959284464518,0.0008029839446177325
37,15.827757596969604,0.41643213994898015,0.048289219538370766,0.004325016392418055,0.9864595841989582,0.9213690750087304,0.27717702625570034,0.07117207462343522,10,3,1199,0.5660372104940763,1.1345857905699641,0.7360493943416926,"{'regressor__colsample_bylevel': 0.9864595841989582, 'regressor__colsample_bytree': 0.9213690750087304, 'regressor__gamma': 0.27717702625570034, 'regressor__learning_rate': 0.07117207462343522, 'regressor__max_depth': 10, 'regressor__min_child_weight': 3, 'regressor__n_estimators': 1199, 'regressor__reg_alpha': 0.5660372104940763, 'regressor__reg_lambda': 1.1345857905699641, 'regressor__subsample': 0.7360493943416926}",-0.1992354542016983,-0.19654835760593414,-0.195481538772583,-0.19708845019340515,0.0015793976203009202,70,-0.0196785107254982,-0.02123822458088398,-0.01939089596271515,-0.020102543756365776,0.000811586415331704
41,9.157171567281088,0.0221499764892831,0.03080407778422038,0.0010645030869861488,0.9031505027148945,0.87201011250158,0.06425017661695509,0.0911204176736003,6,5,1391,0.38610263780077425,4.344762255295657,0.971605192586819,"{'regressor__colsample_bylevel': 0.9031505027148945, 'regressor__colsample_bytree': 0.87201011250158, 'regressor__gamma': 0.06425017661695509, 'regressor__learning_rate': 0.0911204176736003, 'regressor__max_depth': 6, 'regressor__min_child_weight': 5, 'regressor__n_estimators': 1391, 'regressor__reg_alpha': 0.38610263780077425, 'regressor__reg_lambda': 4.344762255295657, 'regressor__subsample': 0.971605192586819}",-0.1995926797389984,-0.19573576748371124,-0.19597335159778595,-0.19710059960683188,0.0017648340982784724,71,-0.05865985155105591,-0.05637035518884659,-0.05895605683326721,-0.05799542119105657,0.0011554404718422371
67,5.662203311920166,0.047653876888308,0.02351657549540202,0.0008417010228428573,0.7986254830862525,0.8900202562950177,0.12007280938909654,0.01758633281086639,4,3,1497,0.6976675736969318,1.2202690893971941,0.9089504398681236,"{'regressor__colsample_bylevel': 0.7986254830862525, 'regressor__colsample_bytree': 0.8900202562950177, 'regressor__gamma': 0.12007280938909654, 'regressor__learning_rate': 0.01758633281086639, 'regressor__max_depth': 4, 'regressor__min_child_weight': 3, 'regressor__n_estimators': 1497, 'regressor__reg_alpha': 0.6976675736969318, 'regressor__reg_lambda': 1.2202690893971941, 'regressor__subsample': 0.9089504398681236}",-0.2020435780286789,-0.1941172480583191,-0.19516128301620483,-0.1971073697010676,0.0035163538633558233,72,-0.17312221229076385,-0.1724814623594284,-0.17216086387634277,-0.172588179508845,0.00039965744161901657
92,7.127190351486206,0.08244849083935464,0.025844017664591473,0.0007995719428960089,0.7206764618101655,0.7231963196466361,0.05212348302590475,0.0940439631980423,6,1,913,0.2359060345950812,1.162082041469159,0.7558962638482362,"{'regressor__colsample_bylevel': 0.7206764618101655, 'regressor__colsample_bytree': 0.7231963196466361, 'regressor__gamma': 0.05212348302590475, 'regressor__learning_rate': 0.0940439631980423, 'regressor__max_depth': 6, 'regressor__min_child_weight': 1, 'regressor__n_estimators': 913, 'regressor__reg_alpha': 0.2359060345950812, 'regressor__reg_lambda': 1.162082041469159, 'regressor__subsample': 0.7558962638482362}",-0.2007400244474411,-0.19668088853359222,-0.19426557421684265,-0.19722882906595865,0.0026714297754051215,73,-0.0805557370185852,-0.07678720355033875,-0.07073663175106049,-0.07602652410666148,0.004044558647179178
24,4.4660139083862305,0.04565481030767515,0.021186272303263348,0.0013272745286689158,0.8646201368099757,0.9075685593078079,0.32598062975130027,0.03242693094605598,4,4,900,0.4938937151834346,1.2152908368853153,0.8099406353748579,"{'regressor__colsample_bylevel': 0.8646201368099757, 'regressor__colsample_bytree': 0.9075685593078079, 'regressor__gamma': 0.32598062975130027, 'regressor__learning_rate': 0.03242693094605598, 'regressor__max_depth': 4, 'regressor__min_child_weight': 4, 'regressor__n_estimators': 900, 'regressor__reg_alpha': 0.4938937151834346, 'regressor__reg_lambda': 1.2152908368853153, 'regressor__subsample': 0.8099406353748579}",-0.20251286029815674,-0.19425635039806366,-0.1950121521949768,-0.19726045429706573,0.003726807005939255,74,-0.1742524653673172,-0.17112214863300323,-0.17266085743904114,-0.1726784904797872,0.0012780072788984094
83,8.06513524055481,0.04081902714239107,0.029612302780151367,5.9429228467752275e-05,0.9344543445254244,0.9483822661532475,0.37525096238265676,0.08995371309195156,6,5,1288,0.8145747202313821,3.1607888827848005,0.8569196274307358,"{'regressor__colsample_bylevel': 0.9344543445254244, 'regressor__colsample_bytree': 0.9483822661532475, 'regressor__gamma': 0.37525096238265676, 'regressor__learning_rate': 0.08995371309195156, 'regressor__max_depth': 6, 'regressor__min_child_weight': 5, 'regressor__n_estimators': 1288, 'regressor__reg_alpha': 0.8145747202313821, 'regressor__reg_lambda': 3.1607888827848005, 'regressor__subsample': 0.8569196274307358}",-0.19926056265830994,-0.19629696011543274,-0.19633916020393372,-0.19729889432589212,0.0013872159641227495,75,-0.06792666018009186,-0.062056027352809906,-0.06316161155700684,-0.06438143302996953,0.002547162574004754
46,2.6617530981699624,0.07218969319444693,0.0177767276763916,0.000508278029633115,0.8515757117343571,0.9479372398323225,0.16002480051530588,0.09955232284962005,4,4,495,0.9585414968831983,3.888572576382359,0.8064715571388161,"{'regressor__colsample_bylevel': 0.8515757117343571, 'regressor__colsample_bytree': 0.9479372398323225, 'regressor__gamma': 0.16002480051530588, 'regressor__learning_rate': 0.09955232284962005, 'regressor__max_depth': 4, 'regressor__min_child_weight': 4, 'regressor__n_estimators': 495, 'regressor__reg_alpha': 0.9585414968831983, 'regressor__reg_lambda': 3.888572576382359, 'regressor__subsample': 0.8064715571388161}",-0.20144134759902954,-0.19445592164993286,-0.19601555168628693,-0.1973042736450831,0.002993843364628029,76,-0.16482135653495789,-0.16081953048706055,-0.1627170741558075,-0.1627859870592753,0.0016344651868640256
60,4.212263981501262,0.23342386283292305,0.021183331807454426,0.0012584312351005776,0.9526356769407125,0.9514986114133412,0.23434657989748514,0.051481950233766526,4,5,922,0.8647223762550532,3.7516040365203103,0.9999153019858391,"{'regressor__colsample_bylevel': 0.9526356769407125, 'regressor__colsample_bytree': 0.9514986114133412, 'regressor__gamma': 0.23434657989748514, 'regressor__learning_rate': 0.051481950233766526, 'regressor__max_depth': 4, 'regressor__min_child_weight': 5, 'regressor__n_estimators': 922, 'regressor__reg_alpha': 0.8647223762550532, 'regressor__reg_lambda': 3.7516040365203103, 'regressor__subsample': 0.9999153019858391}",-0.20251499116420746,-0.19436509907245636,-0.1953369379043579,-0.19740567604700723,0.003634551178521307,77,-0.16706383228302002,-0.16062267124652863,-0.1648821085691452,-0.1641895373662313,0.0026748059154304946
23,9.480340321858725,0.14173605366758016,0.03415274620056152,0.0010324732648824264,0.7252419894985146,0.7484886142283841,0.4492770942635396,0.070642905965959,6,6,1596,0.6635017691080558,0.5202463353848747,0.7482424154252496,"{'regressor__colsample_bylevel': 0.7252419894985146, 'regressor__colsample_bytree': 0.7484886142283841, 'regressor__gamma': 0.4492770942635396, 'regressor__learning_rate': 0.070642905965959, 'regressor__max_depth': 6, 'regressor__min_child_weight': 6, 'regressor__n_estimators': 1596, 'regressor__reg_alpha': 0.6635017691080558, 'regressor__reg_lambda': 0.5202463353848747, 'regressor__subsample': 0.7482424154252496}",-0.19820187985897064,-0.1967955380678177,-0.1972477287054062,-0.19741504887739816,0.0005862003857342045,78,-0.07357048243284225,-0.06675443798303604,-0.06698272377252579,-0.06910254806280136,0.003160681018563908
90,8.69655672709147,0.8442807686503203,0.0300904115041097,0.0001087272954023753,0.768205294908996,0.8270790587261448,0.14396480823786306,0.07149502631526544,5,5,1739,0.505888678884466,2.9458169417385913,0.7054330551462521,"{'regressor__colsample_bylevel': 0.768205294908996, 'regressor__colsample_bytree': 0.8270790587261448, 'regressor__gamma': 0.14396480823786306, 'regressor__learning_rate': 0.07149502631526544, 'regressor__max_depth': 5, 'regressor__min_child_weight': 5, 'regressor__n_estimators': 1739, 'regressor__reg_alpha': 0.505888678884466, 'regressor__reg_lambda': 2.9458169417385913, 'regressor__subsample': 0.7054330551462521}",-0.1998966485261917,-0.19605529308319092,-0.19633886218070984,-0.19743026793003082,0.0017478325228896367,79,-0.09931984543800354,-0.09355548024177551,-0.09258386492729187,-0.09515306353569031,0.002972940479942218
63,17.679080963134766,3.301654105397843,0.04390859603881836,0.0006265238345477944,0.9316955175206918,0.856049050333598,0.42609075015927006,0.06519068387744856,8,6,1857,0.7918178394696329,2.8598235885505443,0.8440137901055424,"{'regressor__colsample_bylevel': 0.9316955175206918, 'regressor__colsample_bytree': 0.856049050333598, 'regressor__gamma': 0.42609075015927006, 'regressor__learning_rate': 0.06519068387744856, 'regressor__max_depth': 8, 'regressor__min_child_weight': 6, 'regressor__n_estimators': 1857, 'regressor__reg_alpha': 0.7918178394696329, 'regressor__reg_lambda': 2.8598235885505443, 'regressor__subsample': 0.8440137901055424}",-0.20032529532909393,-0.19611389935016632,-0.19603417813777924,-0.1974911242723465,0.0020043258304817905,80,-0.029499240219593048,-0.027668554335832596,-0.02736024558544159,-0.028176013380289078,0.0009440905756627018
91,26.86208963394165,1.379680361658269,0.07159630457560222,0.003499961409965983,0.9616371726832453,0.9796354847450837,0.28256659179460447,0.07966508238768923,11,5,1963,0.6513672109882461,3.584986674078952,0.8123306109161266,"{'regressor__colsample_bylevel': 0.9616371726832453, 'regressor__colsample_bytree': 0.9796354847450837, 'regressor__gamma': 0.28256659179460447, 'regressor__learning_rate': 0.07966508238768923, 'regressor__max_depth': 11, 'regressor__min_child_weight': 5, 'regressor__n_estimators': 1963, 'regressor__reg_alpha': 0.6513672109882461, 'regressor__reg_lambda': 3.584986674078952, 'regressor__subsample': 0.8123306109161266}",-0.19947375357151031,-0.19666457176208496,-0.19638322293758392,-0.19750718275705972,0.0013953111639699218,81,-0.011020389385521412,-0.012467668391764164,-0.011152798309922218,-0.011546952029069265,0.0006532850302973114
9,10.00796906153361,0.08034007237347793,0.032124996185302734,0.00011235208343748767,0.9778902635540047,0.8953231076505833,0.4574798377718904,0.09500385777897993,7,2,1156,0.06355835028602363,1.7439292868626488,0.7975549966080241,"{'regressor__colsample_bylevel': 0.9778902635540047, 'regressor__colsample_bytree': 0.8953231076505833, 'regressor__gamma': 0.4574798377718904, 'regressor__learning_rate': 0.09500385777897993, 'regressor__max_depth': 7, 'regressor__min_child_weight': 2, 'regressor__n_estimators': 1156, 'regressor__reg_alpha': 0.06355835028602363, 'regressor__reg_lambda': 1.7439292868626488, 'regressor__subsample': 0.7975549966080241}",-0.19957637786865234,-0.19653339684009552,-0.1966826468706131,-0.197597473859787,0.001400622409295217,82,-0.04169240966439247,-0.04159426689147949,-0.037216223776340485,-0.040167633444070816,0.002087346364972811
59,8.371511300404867,0.13380777322910753,0.03219334284464518,0.0007844957555712344,0.865476361763221,0.7494502783411002,0.20562755829268453,0.08776022837352256,5,1,1902,0.5941307153521351,2.023563426524086,0.990974319344381,"{'regressor__colsample_bylevel': 0.865476361763221, 'regressor__colsample_bytree': 0.7494502783411002, 'regressor__gamma': 0.20562755829268453, 'regressor__learning_rate': 0.08776022837352256, 'regressor__max_depth': 5, 'regressor__min_child_weight': 1, 'regressor__n_estimators': 1902, 'regressor__reg_alpha': 0.5941307153521351, 'regressor__reg_lambda': 2.023563426524086, 'regressor__subsample': 0.990974319344381}",-0.2005920559167862,-0.19765131175518036,-0.19501450657844543,-0.19775262475013733,0.00227815164810082,83,-0.06585787981748581,-0.06661060452461243,-0.06525467336177826,-0.0659077192346255,0.0005546772666526139
62,2.1261096000671387,0.11087267216443816,0.017541964848836262,0.0003138183484515519,0.7824195391077726,0.7621682947024169,0.4391103337395961,0.08569991321722287,5,4,194,0.11355759219962902,3.1862927823711984,0.856092310271138,"{'regressor__colsample_bylevel': 0.7824195391077726, 'regressor__colsample_bytree': 0.7621682947024169, 'regressor__gamma': 0.4391103337395961, 'regressor__learning_rate': 0.08569991321722287, 'regressor__max_depth': 5, 'regressor__min_child_weight': 4, 'regressor__n_estimators': 194, 'regressor__reg_alpha': 0.11355759219962902, 'regressor__reg_lambda': 3.1862927823711984, 'regressor__subsample': 0.856092310271138}",-0.20271582901477814,-0.19608846306800842,-0.1947707086801529,-0.19785833358764648,0.0034766425878167586,84,-0.1753080189228058,-0.17292989790439606,-0.17409975826740265,-0.17411255836486816,0.0009709060292400004
66,8.179124196370443,0.2006500265970094,0.026805003484090168,0.00044044459692313073,0.9092925614480389,0.9389415327021631,0.22967340397308622,0.09420914150187097,4,4,1975,0.4591357562382613,4.420130301141908,0.8477854281978608,"{'regressor__colsample_bylevel': 0.9092925614480389, 'regressor__colsample_bytree': 0.9389415327021631, 'regressor__gamma': 0.22967340397308622, 'regressor__learning_rate': 0.09420914150187097, 'regressor__max_depth': 4, 'regressor__min_child_weight': 4, 'regressor__n_estimators': 1975, 'regressor__reg_alpha': 0.4591357562382613, 'regressor__reg_lambda': 4.420130301141908, 'regressor__subsample': 0.8477854281978608}",-0.20070341229438782,-0.19593624770641327,-0.19737330079078674,-0.1980043202638626,0.001996681202021719,85,-0.10983544588088989,-0.1065279021859169,-0.10536416620016098,-0.10724250475565593,0.0018940394435056915
61,9.161964257558187,0.37747476470383473,0.02608466148376465,0.0006968059696101022,0.9989910511221716,0.8666295116807882,0.38449370759025525,0.1044765729882428,5,3,1268,0.24108483232963185,1.3201813140260996,0.7754327318535394,"{'regressor__colsample_bylevel': 0.9989910511221716, 'regressor__colsample_bytree': 0.8666295116807882, 'regressor__gamma': 0.38449370759025525, 'regressor__learning_rate': 0.1044765729882428, 'regressor__max_depth': 5, 'regressor__min_child_weight': 3, 'regressor__n_estimators': 1268, 'regressor__reg_alpha': 0.24108483232963185, 'regressor__reg_lambda': 1.3201813140260996, 'regressor__subsample': 0.7754327318535394}",-0.2010040134191513,-0.19488662481307983,-0.19816143810749054,-0.19801735877990723,0.0024994906119582194,86,-0.08880621194839478,-0.08433999866247177,-0.08115370571613312,-0.08476663877566655,0.003138654621366828
44,20.03778640429179,0.032247776699758236,0.06818628311157227,0.002429776015218571,0.9410442791154545,0.7846103717713919,0.08871977188986141,0.08506147516408584,11,3,1812,0.7316477552996402,1.0107589176898624,0.7750049347648313,"{'regressor__colsample_bylevel': 0.9410442791154545, 'regressor__colsample_bytree': 0.7846103717713919, 'regressor__gamma': 0.08871977188986141, 'regressor__learning_rate': 0.08506147516408584, 'regressor__max_depth': 11, 'regressor__min_child_weight': 3, 'regressor__n_estimators': 1812, 'regressor__reg_alpha': 0.7316477552996402, 'regressor__reg_lambda': 1.0107589176898624, 'regressor__subsample': 0.7750049347648313}",-0.1998322755098343,-0.19654527306556702,-0.1977742314338684,-0.19805059333642325,0.0013560674007444102,87,-0.011701357550919056,-0.013540512882173061,-0.012021842412650585,-0.012421237615247568,0.000802188871780672
7,5.417161385218303,0.053429066805663734,0.025163968404134113,0.0010645945377750373,0.9241960330412142,0.8619076397167239,0.2933755828319241,0.1065255307264138,7,4,592,0.14092422497476265,3.7087879230161587,0.7223651931039312,"{'regressor__colsample_bylevel': 0.9241960330412142, 'regressor__colsample_bytree': 0.8619076397167239, 'regressor__gamma': 0.2933755828319241, 'regressor__learning_rate': 0.1065255307264138, 'regressor__max_depth': 7, 'regressor__min_child_weight': 4, 'regressor__n_estimators': 592, 'regressor__reg_alpha': 0.14092422497476265, 'regressor__reg_lambda': 3.7087879230161587, 'regressor__subsample': 0.7223651931039312}",-0.20013561844825745,-0.19744516909122467,-0.19725558161735535,-0.19827878971894583,0.0013152555011757998,88,-0.08388592302799225,-0.07261256873607635,-0.07396374642848969,-0.0768207460641861,0.0050261956744335435
30,6.865330934524536,0.09771432849935119,0.02801171938578288,0.0031924560072268985,0.9970161550312789,0.7420252045709572,0.25916482618186837,0.09773730719279554,4,1,1516,0.7024840839871093,1.9379646048790207,0.7880775532793479,"{'regressor__colsample_bylevel': 0.9970161550312789, 'regressor__colsample_bytree': 0.7420252045709572, 'regressor__gamma': 0.25916482618186837, 'regressor__learning_rate': 0.09773730719279554, 'regressor__max_depth': 4, 'regressor__min_child_weight': 1, 'regressor__n_estimators': 1516, 'regressor__reg_alpha': 0.7024840839871093, 'regressor__reg_lambda': 1.9379646048790207, 'regressor__subsample': 0.7880775532793479}",-0.20110635459423065,-0.19787994027137756,-0.19620418548583984,-0.198396826783816,0.0020344031461947873,89,-0.11696796119213104,-0.11567867547273636,-0.11275104433298111,-0.11513256033261617,0.0017643276828954995
64,17.862152973810833,0.4568982477699865,0.06804267565409343,0.015761726898905648,0.8261607335995225,0.9354004791832928,0.3196806784871212,0.09050446675193619,10,6,1827,0.014544665667881929,1.902350235226388,0.8769753060563898,"{'regressor__colsample_bylevel': 0.8261607335995225, 'regressor__colsample_bytree': 0.9354004791832928, 'regressor__gamma': 0.3196806784871212, 'regressor__learning_rate': 0.09050446675193619, 'regressor__max_depth': 10, 'regressor__min_child_weight': 6, 'regressor__n_estimators': 1827, 'regressor__reg_alpha': 0.014544665667881929, 'regressor__reg_lambda': 1.902350235226388, 'regressor__subsample': 0.8769753060563898}",-0.19921274483203888,-0.19850993156433105,-0.1978577822446823,-0.19852681954701742,0.000553290042234277,90,-0.011790364049375057,-0.013375812210142612,-0.011869759298861027,-0.012345311852792898,0.0007293943338065496
68,9.675352891286215,0.13176789922679066,0.035039822260538735,0.0007427308378966137,0.8234983643072584,0.962295281456325,0.25761802743210543,0.10731103492701043,8,2,1174,0.04086861626647886,1.1757402522886582,0.7835771017095875,"{'regressor__colsample_bylevel': 0.8234983643072584, 'regressor__colsample_bytree': 0.962295281456325, 'regressor__gamma': 0.25761802743210543, 'regressor__learning_rate': 0.10731103492701043, 'regressor__max_depth': 8, 'regressor__min_child_weight': 2, 'regressor__n_estimators': 1174, 'regressor__reg_alpha': 0.04086861626647886, 'regressor__reg_lambda': 1.1757402522886582, 'regressor__subsample': 0.7835771017095875}",-0.20125852525234222,-0.19761432707309723,-0.19679231941699982,-0.19855505724747977,0.0019408724132301911,91,-0.026199964806437492,-0.028216809034347534,-0.025052852928638458,-0.026489875589807827,0.0013078457494289956
58,20.249436060587566,0.24349354856990996,0.07004221280415852,0.0025630673490765338,0.7487850818034674,0.9732781553481527,0.4112686214615845,0.1049799913291924,11,5,1938,0.9191765518355596,0.8309936801412245,0.9629984457777377,"{'regressor__colsample_bylevel': 0.7487850818034674, 'regressor__colsample_bytree': 0.9732781553481527, 'regressor__gamma': 0.4112686214615845, 'regressor__learning_rate': 0.1049799913291924, 'regressor__max_depth': 11, 'regressor__min_child_weight': 5, 'regressor__n_estimators': 1938, 'regressor__reg_alpha': 0.9191765518355596, 'regressor__reg_lambda': 0.8309936801412245, 'regressor__subsample': 0.9629984457777377}",-0.19974848628044128,-0.19771833717823029,-0.19822371006011963,-0.1985635111729304,0.0008629310291105192,92,-0.007369579281657934,-0.008640100248157978,-0.007212664932012558,-0.0077407814872761565,0.0006391328518843162
6,24.609047571818035,0.48580978525931134,0.07452138264973958,0.002336989001163449,0.9818496824692566,0.9684482051282945,0.29894998940554257,0.10218742350231168,11,6,1850,0.5208342600258237,4.3446880973973965,0.9533601546034454,"{'regressor__colsample_bylevel': 0.9818496824692566, 'regressor__colsample_bytree': 0.9684482051282945, 'regressor__gamma': 0.29894998940554257, 'regressor__learning_rate': 0.10218742350231168, 'regressor__max_depth': 11, 'regressor__min_child_weight': 6, 'regressor__n_estimators': 1850, 'regressor__reg_alpha': 0.5208342600258237, 'regressor__reg_lambda': 4.3446880973973965, 'regressor__subsample': 0.9533601546034454}",-0.20001192390918732,-0.19710586965084076,-0.19871284067630768,-0.1986102114121119,0.0011886091066215622,93,-0.007652407046407461,-0.008767163380980492,-0.007684841752052307,-0.00803480405981342,0.0005180255038816702
28,7.49966565767924,0.0959150842324843,0.027884960174560547,0.0007721278352904277,0.7046369849586602,0.9784955687763175,0.21409207415865716,0.10666548190436696,6,4,1092,0.07534625600612821,1.7227880771487274,0.7572733093451037,"{'regressor__colsample_bylevel': 0.7046369849586602, 'regressor__colsample_bytree': 0.9784955687763175, 'regressor__gamma': 0.21409207415865716, 'regressor__learning_rate': 0.10666548190436696, 'regressor__max_depth': 6, 'regressor__min_child_weight': 4, 'regressor__n_estimators': 1092, 'regressor__reg_alpha': 0.07534625600612821, 'regressor__reg_lambda': 1.7227880771487274, 'regressor__subsample': 0.7572733093451037}",-0.2004205584526062,-0.19717474281787872,-0.1984042525291443,-0.19866651793320975,0.0013380127404195486,94,-0.06811418384313583,-0.06291517615318298,-0.05941736325621605,-0.06348224108417828,0.003573032704136313
17,7.677299578984578,0.1303139720731787,0.028463045756022137,0.000659008053832318,0.8508037069686584,0.7154436253749967,0.13932323211830572,0.10082658859666536,6,6,1253,0.5309345833171364,2.2911326582923666,0.8658679267213983,"{'regressor__colsample_bylevel': 0.8508037069686584, 'regressor__colsample_bytree': 0.7154436253749967, 'regressor__gamma': 0.13932323211830572, 'regressor__learning_rate': 0.10082658859666536, 'regressor__max_depth': 6, 'regressor__min_child_weight': 6, 'regressor__n_estimators': 1253, 'regressor__reg_alpha': 0.5309345833171364, 'regressor__reg_lambda': 2.2911326582923666, 'regressor__subsample': 0.8658679267213983}",-0.20131689310073853,-0.19681747257709503,-0.19791042804718018,-0.19868159790833792,0.0019161112490692536,95,-0.06613163650035858,-0.06123248487710953,-0.061336640268564224,-0.06290025388201077,0.002285328175705844
71,1.594130277633667,0.01129025406427134,0.016469637552897137,0.0009207377404422919,0.7553563058069132,0.762804797001013,0.185236051395691,0.058452298519102136,5,4,177,0.4625347161331479,3.489883752535026,0.7110049608671793,"{'regressor__colsample_bylevel': 0.7553563058069132, 'regressor__colsample_bytree': 0.762804797001013, 'regressor__gamma': 0.185236051395691, 'regressor__learning_rate': 0.058452298519102136, 'regressor__max_depth': 5, 'regressor__min_child_weight': 4, 'regressor__n_estimators': 177, 'regressor__reg_alpha': 0.4625347161331479, 'regressor__reg_lambda': 3.489883752535026, 'regressor__subsample': 0.7110049608671793}",-0.2042894959449768,-0.19665966928005219,-0.19657227396965027,-0.1991738130648931,0.0036175100075656373,96,-0.1847718060016632,-0.1828845739364624,-0.18231387436389923,-0.18332341810067496,0.0010503317362712385
32,1.8024536768595378,0.01892429660786729,0.016381263732910156,0.0008075855177237553,0.9387378008308302,0.9670016025452699,0.1689975784257679,0.0475582952639944,5,6,150,0.46559801813246016,2.6705785388303065,0.7859623756384853,"{'regressor__colsample_bylevel': 0.9387378008308302, 'regressor__colsample_bytree': 0.9670016025452699, 'regressor__gamma': 0.1689975784257679, 'regressor__learning_rate': 0.0475582952639944, 'regressor__max_depth': 5, 'regressor__min_child_weight': 6, 'regressor__n_estimators': 150, 'regressor__reg_alpha': 0.46559801813246016, 'regressor__reg_lambda': 2.6705785388303065, 'regressor__subsample': 0.7859623756384853}",-0.2045232206583023,-0.19632521271705627,-0.19686374068260193,-0.1992373913526535,0.003744106184281323,97,-0.18719126284122467,-0.18690530955791473,-0.18583184480667114,-0.18664280573527017,0.0005851982802689449
13,14.27501392364502,0.31960293150299235,0.03822000821431478,0.0009246125449229482,0.9789092957027719,0.942436113869325,0.31670187825521173,0.09714605901877177,7,4,1679,0.4165099478703662,4.033121035675473,0.7973035063015821,"{'regressor__colsample_bylevel': 0.9789092957027719, 'regressor__colsample_bytree': 0.942436113869325, 'regressor__gamma': 0.31670187825521173, 'regressor__learning_rate': 0.09714605901877177, 'regressor__max_depth': 7, 'regressor__min_child_weight': 4, 'regressor__n_estimators': 1679, 'regressor__reg_alpha': 0.4165099478703662, 'regressor__reg_lambda': 4.033121035675473, 'regressor__subsample': 0.7973035063015821}",-0.20134535431861877,-0.19957849383354187,-0.1991317868232727,-0.20001854499181113,0.0009557559069601216,98,-0.03200004622340202,-0.032112546265125275,-0.02949896827340126,-0.03120385358730952,0.0012064105202436912
82,12.165035645167032,0.9809588490550488,0.037749687830607094,0.0007332377076187025,0.9895080731999537,0.7372891670456634,0.36543373760182213,0.10383404568210379,7,3,1670,0.9264494235897112,3.3863862030051086,0.7144283931892262,"{'regressor__colsample_bylevel': 0.9895080731999537, 'regressor__colsample_bytree': 0.7372891670456634, 'regressor__gamma': 0.36543373760182213, 'regressor__learning_rate': 0.10383404568210379, 'regressor__max_depth': 7, 'regressor__min_child_weight': 3, 'regressor__n_estimators': 1670, 'regressor__reg_alpha': 0.9264494235897112, 'regressor__reg_lambda': 3.3863862030051086, 'regressor__subsample': 0.7144283931892262}",-0.20288759469985962,-0.19969582557678223,-0.2014366239309311,-0.20134001473585764,0.0013048237521308158,99,-0.03207649663090706,-0.033006858080625534,-0.02953782118856907,-0.031540391966700554,0.0014660855813696941
42,1.5835761229197185,0.02216220841198311,0.017107009887695312,0.0003099823585829107,0.7587373404367889,0.7208083902625496,0.050389000688713326,0.011822182565154974,6,2,134,0.3365542148887265,3.1228905415229686,0.8156189862896694,"{'regressor__colsample_bylevel': 0.7587373404367889, 'regressor__colsample_bytree': 0.7208083902625496, 'regressor__gamma': 0.050389000688713326, 'regressor__learning_rate': 0.011822182565154974, 'regressor__max_depth': 6, 'regressor__min_child_weight': 2, 'regressor__n_estimators': 134, 'regressor__reg_alpha': 0.3365542148887265, 'regressor__reg_lambda': 3.1228905415229686, 'regressor__subsample': 0.8156189862896694}",-0.21947811543941498,-0.21551449596881866,-0.2197542041540146,-0.21824893852074942,0.0019368252884448926,100,-0.21148228645324707,-0.21293726563453674,-0.2115405797958374,-0.21198671062787375,0.000672565062015895
